{"cameraMode":{"drawMode":0,"name":"Shaded","section":"Shading Mode"},"sceneLighting":true,"audioPlay":false,"sceneViewState":{"m_AlwaysRefresh":false,"showFog":true,"showSkybox":true,"showFlares":true,"showImageEffects":true,"showParticleSystems":true,"showVisualEffectGraphs":true,"m_FxEnabled":true},"in2DMode":false,"pivot":{"x":-0.08042895793914795,"y":-0.9899969100952148,"z":5.0116143226623539},"rotation":{"x":0.1642378270626068,"y":-0.01419097650796175,"z":0.0023700841702520849,"w":0.9863289594650269},"size":4.88761568069458,"orthographic":false}