{"cameraMode":{"drawMode":0,"name":"Shaded","section":"Shading Mode"},"sceneLighting":true,"audioPlay":false,"sceneViewState":{"m_AlwaysRefresh":false,"showFog":true,"showSkybox":true,"showFlares":true,"showImageEffects":true,"showParticleSystems":true,"showVisualEffectGraphs":true,"m_FxEnabled":true},"in2DMode":false,"pivot":{"x":16.55417251586914,"y":-1.526179552078247,"z":-2.4287972450256349},"rotation":{"x":-0.06703738123178482,"y":-0.6339097619056702,"z":0.055282868444919589,"w":-0.7685239911079407},"size":14.791603088378907,"orthographic":false}