{"cameraMode":{"drawMode":0,"name":"Shaded","section":"Shading Mode"},"sceneLighting":true,"audioPlay":false,"sceneViewState":{"m_AlwaysRefresh":false,"showFog":true,"showSkybox":true,"showFlares":true,"showImageEffects":true,"showParticleSystems":true,"showVisualEffectGraphs":true,"m_FxEnabled":true},"in2DMode":false,"pivot":{"x":6.307322025299072,"y":-0.3020690679550171,"z":1.3210055828094483},"rotation":{"x":0.3240477442741394,"y":0.004245377145707607,"z":-0.001436786842532456,"w":0.9460533857345581},"size":6.616863250732422,"orthographic":false}