{"cameraMode":{"drawMode":0,"name":"Shaded","section":"Shading Mode"},"sceneLighting":false,"audioPlay":false,"sceneViewState":{"m_AlwaysRefresh":false,"showFog":true,"showSkybox":false,"showFlares":true,"showImageEffects":true,"showParticleSystems":true,"showVisualEffectGraphs":true,"m_FxEnabled":true},"in2DMode":false,"pivot":{"x":-0.06957255303859711,"y":0.016120005398988725,"z":0.0007635671645402908},"rotation":{"x":-0.12858086824417115,"y":-0.03125370293855667,"z":0.0040457299910485748,"w":-0.9912083745002747},"size":0.8660253882408142,"orthographic":false}