{"cameraMode":{"drawMode":0,"name":"Shaded","section":"Shading Mode"},"sceneLighting":false,"audioPlay":false,"sceneViewState":{"m_AlwaysRefresh":false,"showFog":true,"showSkybox":false,"showFlares":true,"showImageEffects":true,"showParticleSystems":true,"showVisualEffectGraphs":true,"m_FxEnabled":true},"in2DMode":false,"pivot":{"x":-0.16988568007946015,"y":0.00679633766412735,"z":0.0018593929708003998},"rotation":{"x":-0.12858086824417115,"y":-0.03125370293855667,"z":0.0040457299910485748,"w":-0.9912083745002747},"size":0.513259768486023,"orthographic":false}